2026-09-19	200	500606	cd-compact-rankings	https://www.caranddriver.com/rankings/best-suvs/electric/compact
2026-09-19	200	476226	cd-subcompact-rankings	https://www.caranddriver.com/rankings/best-suvs/electric/subcompact
2026-09-19	200	1307655	mt-compact-rankings	https://www.motortrend.com/rankings/suvs/electric/compact
2026-09-19	403	16127	edmunds-electric-suv	https://www.edmunds.com/suv/electric/
2026-09-19	retry-client-hints	2379	edmunds-electric-suv	https://www.edmunds.com/suv/electric/
2026-09-19	200	504612	cd-luxury-compact-rankings	https://www.caranddriver.com/rankings/best-suvs/electric/luxury-compact
2026-09-19	200	1163516	cd-hyundai-ioniq-5-n-2026	https://www.caranddriver.com/hyundai/ioniq-5-n-2026
2026-09-19	200	127174	lexus-pressroom-home	https://pressroom.lexus.com/
2026-09-19	200	181752	lexus-pressroom-2027-tz	https://pressroom.lexus.com/vehicle/2027-lexus-tz/
2026-09-19	200	453891	cd-specs-hyundai-ioniq-5	https://www.caranddriver.com/hyundai/ioniq-5/specs
2026-09-19	200	457818	cd-specs-audi-q4-e-tron	https://www.caranddriver.com/audi/q4-e-tron/specs
2026-09-19	200	445558	cd-specs-audi-q6-e-tron	https://www.caranddriver.com/audi/q6-e-tron/specs
2026-09-19	200	444705	cd-specs-audi-sq6-e-tron	https://www.caranddriver.com/audi/sq6-e-tron/specs
2026-09-19	200	436262	cd-specs-bmw-ix3	https://www.caranddriver.com/bmw/ix3/specs
2026-09-19	200	460545	cd-specs-cadillac-optiq	https://www.caranddriver.com/cadillac/optiq/specs
2026-09-19	200	448347	cd-specs-chevrolet-bolt	https://www.caranddriver.com/chevrolet/bolt/specs
2026-09-19	200	463302	cd-specs-chevrolet-equinox-ev	https://www.caranddriver.com/chevrolet/equinox-ev/specs
2026-09-19	200	449922	cd-specs-ford-mustang-mach-e	https://www.caranddriver.com/ford/mustang-mach-e/specs
2026-09-19	200	445677	cd-specs-genesis-electrified-gv70	https://www.caranddriver.com/genesis/electrified-gv70/specs
2026-09-19	200	455654	cd-specs-genesis-gv60	https://www.caranddriver.com/genesis/gv60/specs
2026-09-19	200	441111	cd-specs-hyundai-kona-electric	https://www.caranddriver.com/hyundai/kona-electric/specs
2026-09-19	404	267547	cd-specs-jeep-wagoneer-s	https://www.caranddriver.com/jeep/wagoneer-s/specs
2026-09-19	200	443007	cd-specs-kia-ev3	https://www.caranddriver.com/kia/ev3/specs
2026-09-19	200	457290	cd-specs-kia-ev6	https://www.caranddriver.com/kia/ev6/specs
2026-09-19	200	450190	cd-specs-kia-niro-ev	https://www.caranddriver.com/kia/niro-ev/specs
2026-09-19	200	454334	cd-specs-lexus-rz	https://www.caranddriver.com/lexus/rz/specs
2026-09-19	200	451258	cd-specs-mercedes-benz-glc-class-ev	https://www.caranddriver.com/mercedes-benz/glc-class-ev/specs
2026-09-19	200	455613	cd-specs-mini-countryman-electric	https://www.caranddriver.com/mini/countryman-electric/specs
2026-09-19	200	447324	cd-specs-nissan-ariya	https://www.caranddriver.com/nissan/ariya/specs
2026-09-19	200	449296	cd-specs-nissan-leaf	https://www.caranddriver.com/nissan/leaf/specs
2026-09-19	200	444445	cd-specs-polestar-polestar-3	https://www.caranddriver.com/polestar/polestar-3/specs
2026-09-19	200	440103	cd-specs-polestar-polestar-4	https://www.caranddriver.com/polestar/polestar-4/specs
2026-09-19	200	456366	cd-specs-porsche-macan-ev	https://www.caranddriver.com/porsche/macan-ev/specs
2026-09-19	200	448558	cd-specs-rivian-r2	https://www.caranddriver.com/rivian/r2/specs
2026-09-19	200	454414	cd-specs-subaru-solterra	https://www.caranddriver.com/subaru/solterra/specs
2026-09-19	200	451762	cd-specs-subaru-trailseeker	https://www.caranddriver.com/subaru/trailseeker/specs
2026-09-19	200	450162	cd-specs-subaru-uncharted	https://www.caranddriver.com/subaru/uncharted/specs
2026-09-19	200	452815	cd-specs-tesla-model-y	https://www.caranddriver.com/tesla/model-y/specs
2026-09-19	200	450627	cd-specs-toyota-bz	https://www.caranddriver.com/toyota/bz/specs
2026-09-19	200	442666	cd-specs-toyota-c-hr	https://www.caranddriver.com/toyota/c-hr/specs
2026-09-19	200	458121	cd-specs-volkswagen-id4	https://www.caranddriver.com/volkswagen/id4/specs
2026-09-19	404	267547	cd-specs-volvo-ec40	https://www.caranddriver.com/volvo/ec40/specs
2026-09-19	200	449057	cd-specs-volvo-ex30	https://www.caranddriver.com/volvo/ex30/specs
2026-09-19	200	442838	cd-specs-volvo-ex40	https://www.caranddriver.com/volvo/ex40/specs
2026-09-19	200	445807	cd-specs-volvo-ex60	https://www.caranddriver.com/volvo/ex60/specs
2026-09-19	403	5927	toyota-pressroom-2026-bz	https://pressroom.toyota.com/vehicle/2026-toyota-bz/
2026-09-19	200	148967	lexus-pressroom-2026-rz	https://pressroom.lexus.com/vehicle/2026-lexus-rz/
2026-09-19	403	263	lexus-2026-rz-specifications	https://lexus-cms-media.s3.us-east-2.amazonaws.com/wp-content/uploads/2025/05/Final_2026_RZ_Specifications_091125Update.pdf
2026-09-19	200	1306054	lexus-2026-rz-specifications	https://lexus-cms-media.s3.us-east-2.amazonaws.com/wp-content/uploads/2025/05/Final_2026_RZ_Specifications_091125Update.pdf
2026-09-19	403	423	tesla-supercharging-other-evs	https://www.tesla.com/support/charging/supercharging-other-evs
2026-09-19	200	104990	subaru-media-home	https://media.subaru.com/
2026-09-19	200	86174	subaru-media-uncharted	https://media.subaru.com/newsroom/42/397/uncharted
2026-09-19	200	91752	subaru-2027-uncharted-press-kit	https://media.subaru.com/newsrelease.do?id=2466&mid=397
2026-09-19	200	3650	subaru-2027-uncharted-specifications-viewer	https://media.subaru.com/view-spec.do?bFileId=50493
2026-09-19	200	349188	subaru-2027-uncharted-specifications	https://s3.amazonaws.com/subarumedia.iconicweb.com/mediasite/attachments/2027_Subaru_Uncharted_Specs-AAG_FINAL.pdf?response-content-disposition=inline%3B%20filename%3D2027_Subaru_Uncharted_Specs-AAG_FINAL.pdf&X-Amz-Algorithm=AWS4-HMAC-SHA256&X-Amz-Date=20260919T151459Z&X-Amz-SignedHeaders=host&X-Amz-Expires=7200&X-Amz-Credential=AKIA3ZQJHXTB2537CC5C%2F20260919%2Fus-east-1%2Fs3%2Faws4_request&X-Amz-Signature=02d8e67add0434f629ae1bb53ceeba6b148e3c39a125759921ead78183927aff
2026-09-19	200	102120	subaru-media-solterra	https://media.subaru.com/newsroom/39/333/solterra-ev
2026-09-19	200	98574	subaru-2027-solterra-press-kit	https://media.subaru.com/newsrelease.do?id=2460&mid=333
2026-09-19	200	105984	subaru-2026-solterra-press-kit	https://media.subaru.com/newsrelease.do?id=2376&mid=333
2026-09-19	200	105984	subaru-2026-solterra-press-kit	https://media.subaru.com/newsrelease.do?id=2376&mid=333
2026-09-19	200	3629	subaru-2026-solterra-specifications-viewer	https://media.subaru.com/view-spec.do?bFileId=47029
2026-09-19	200	44413	subaru-2026-solterra-specifications	https://s3.amazonaws.com/subarumedia.iconicweb.com/mediasite/attachments/2026_Subaru_Solterra_Specs_-_FINAL.pdf?response-content-disposition=inline%3B%20filename%3D2026_Subaru_Solterra_Specs_-_FINAL.pdf&X-Amz-Algorithm=AWS4-HMAC-SHA256&X-Amz-Date=20260919T151623Z&X-Amz-SignedHeaders=host&X-Amz-Expires=7200&X-Amz-Credential=AKIA3ZQJHXTB2537CC5C%2F20260919%2Fus-east-1%2Fs3%2Faws4_request&X-Amz-Signature=763be2baff3728d618af314ad20cd7989bf9f731cb70b05ba41979b910009ca3
2026-09-19	200	86239	subaru-media-trailseeker	https://media.subaru.com/newsroom/41/396/trailseeker
2026-09-19	200	96220	subaru-2027-trailseeker-press-kit	https://media.subaru.com/newsrelease.do?id=2472&mid=396
2026-09-19	200	3622	subaru-2027-trailseeker-specifications-viewer	https://media.subaru.com/view-spec.do?bFileId=50559
2026-09-19	200	571875	subaru-2027-trailseeker-specifications	https://s3.amazonaws.com/subarumedia.iconicweb.com/mediasite/attachments/2027_Subaru_Trailseeker_Specs_AAG.pdf?response-content-disposition=inline%3B%20filename%3D2027_Subaru_Trailseeker_Specs_AAG.pdf&X-Amz-Algorithm=AWS4-HMAC-SHA256&X-Amz-Date=20260919T151654Z&X-Amz-SignedHeaders=host&X-Amz-Expires=7200&X-Amz-Credential=AKIA3ZQJHXTB2537CC5C%2F20260919%2Fus-east-1%2Fs3%2Faws4_request&X-Amz-Signature=8edbce0b9501a94320f2b365255b06985f73d40f7cfb2d3842c13939fad5413c
2026-09-19	200	3279	hyundai-news-models	https://www.hyundainews.com/en-us/models
2026-09-19	200	428960	hyundai-news-app-entry	https://www.hyundainews.com/_app/S7i_AdB5.js
2026-09-19	200	526	hyundai-news-app-specs-chunk	https://www.hyundainews.com/_app/BEQq9jv3.js
2026-09-19	200	10836	hyundai-news-app-chunk-101	https://www.hyundainews.com/_app/BEaDdbPz.js
2026-09-19	200	6418	hyundai-news-app-chunk-123	https://www.hyundainews.com/_app/Bj6k55SR.js
2026-09-19	200	645871	hyundai-news-api-models	https://www.hyundainews.com/api/models
2026-09-19	404	85	hyundai-api-2027-ioniq-5-specifications	https://www.hyundainews.com/api/models/hyundai-ioniq_5-2027-ioniq_5/specifications
2026-09-19	200	28785	hyundai-api-2027-ioniq-5	https://www.hyundainews.com/api/models/hyundai-ioniq_5-2027-ioniq_5
2026-09-19	200	864224	hyundai-2027-ioniq-5-specs-features	https://www.hyundainews.com/assets/applications/original/72136-2027-ioniq-5-specs-features-20260715.pdf
2026-09-19	200	281460	hyundai-2027-ioniq-5-pricing	https://www.hyundainews.com/assets/applications/original/72889-27my-ioniq-5-pricing-3-aug-2026-1.pdf
2026-09-19	200	18435	hyundai-api-2027-ioniq-5-press-kit	https://www.hyundainews.com/api/press-kits/2027-ioniq-5-overview
2026-09-19	200	19151	hyundai-api-2027-kona	https://www.hyundainews.com/api/models/hyundai-kona-2027-kona
2026-09-19	200	270651	hyundai-2027-kona-pricing	https://www.hyundainews.com/assets/applications/original/72771-27my-kona-pricing-29-jul-2026.pdf
2026-09-19	200	10980	hyundai-api-2027-kona-press-kit	https://www.hyundainews.com/api/press-kits/2027-kona-overview
2026-09-19	200	49137	hyundai-api-2025-kona-electric	https://www.hyundainews.com/api/models/hyundai-kona-2025-kona_electric
2026-09-19	200	420825	hyundai-2025-kona-electric-specs-features	https://www.hyundainews.com/assets/documents/original/62614-2025KonaElectricSpecsFeatures071924.pdf
2026-09-19	200	184122	hyundai-2025-kona-electric-pricing	https://www.hyundainews.com/assets/documents/original/66864-2025MYKonaEVPriceSheet12Jun2025.pdf
2026-09-19	200	35472	hyundai-api-2025-kona-electric-releases	https://www.hyundainews.com/api/models/hyundai-kona-2025-kona_electric/releases
2026-09-19	200	792684	kia-media-models	https://www.kiamedia.com/us/en/models
2026-09-19	200	545492	kia-media-2027-ev3	https://www.kiamedia.com/us/en/models/ev3/2027
2026-09-19	200	242578	kia-media-2027-ev3-specifications	https://www.kiamedia.com/us/en/models/ev3/2027/specifications
2026-09-19	200	299533	kia-media-2027-ev3-pressreleases	https://www.kiamedia.com/us/en/models/ev3/2027/pressreleases
2026-09-19	200	544826	kia-release-25004-2027-ev3-pricing	https://www.kiamedia.com/us/en/media/pressreleases/25004/kia-announces-pricing-for-2027-ev3
2026-09-19	200	321174	kia-release-25050-ev3-green-car	https://www.kiamedia.com/us/en/media/pressreleases/25050/kia-ev3-named-green-car-of-the-yearand-carnival-hybrid-named-green-minivan-of-the-year-by-green-car
2026-09-19	200	238354	kia-media-2026-ev6-specifications	https://www.kiamedia.com/us/en/models/ev6/2026/specifications
2026-09-19	200	543925	kia-media-2026-ev6	https://www.kiamedia.com/us/en/models/ev6/2026
2026-09-19	200	555439	kia-media-2025-ev6	https://www.kiamedia.com/us/en/models/ev6/2025
2026-09-19	200	230358	kia-media-2026-niro-ev-specifications	https://www.kiamedia.com/us/en/models/niro-ev/2026/specifications
2026-09-19	200	542599	kia-media-2026-niro-ev	https://www.kiamedia.com/us/en/models/niro-ev/2026
2026-09-19	200	543328	kia-release-25014-2027-niro-pricing	https://www.kiamedia.com/us/en/media/pressreleases/25014/kia-announces-pricing-for-refreshed-2027-niro
2026-09-19	200	545850	kia-media-2025-niro-ev	https://www.kiamedia.com/us/en/models/niro-ev/2025
2026-09-19	200	8264	genesis-news-home	https://www.genesisnewsusa.com/
2026-09-19	200	66302	genesis-news-api-models	https://www.genesisnewsusa.com/api/models
2026-09-19	200	22299	genesis-api-2027-gv60	https://www.genesisnewsusa.com/api/models/2027-gv60
2026-09-19	200	26816	genesis-api-2027-electrified-gv70	https://www.genesisnewsusa.com/api/models/2027-electrified-gv70
2026-09-19	200	182870	genesis-2027-gv60-features-specs	https://www.genesisnewsusa.com/assets/applications/original/6705-2027-gv60-features-and-specs.pdf
2026-09-19	200	20799	genesis-api-2027-gv60-press-kit	https://www.genesisnewsusa.com/api/press-kits/2027-gv60-overview
2026-09-19	200	24354	genesis-api-2026-gv60	https://www.genesisnewsusa.com/api/models/2026-gv60
2026-09-19	200	7109	genesis-api-2026-gv60-press-kit	https://www.genesisnewsusa.com/api/press-kits/2026-gv60
2026-09-19	200	251853	genesis-2027-electrified-gv70-features-specs	https://www.genesisnewsusa.com/assets/applications/original/6671-2027-electrified-gv70-features-and-specs-1.pdf
2026-09-19	200	17385	genesis-api-2027-electrified-gv70-press-kit	https://www.genesisnewsusa.com/api/press-kits/2027-electrified-gv70-overview
2026-09-19	200	40077	genesis-api-2026-electrified-gv70	https://www.genesisnewsusa.com/api/models/2026-electrified-gv70
2026-09-19	503	373	volvo-media-us-models	https://www.media.volvocars.com/us/en-us/models
2026-09-19	200	702720	volvo-media-us-home	https://www.media.volvocars.com/us/en-us
2026-09-19	503	373	volvo-media-us-2027-ex30	https://www.media.volvocars.com/us/media/models/ex30/2027/
2026-09-19	503	373	volvo-media-us-2027-ex30-alt	https://www.media.volvocars.com/us/en-us/media/models/ex30/2027/
2026-09-19	200	677787	volvo-us-ex30-electric	https://www.volvocars.com/us/cars/ex30-electric/
2026-09-19	200	535522	volvo-us-ex30-specifications	https://www.volvocars.com/us/cars/ex30-electric/specifications/
2026-09-19	200	514267	volvo-us-ex40-specifications	https://www.volvocars.com/us/cars/ex40-electric/specifications/
2026-09-19	200	629400	volvo-us-ex40-electric	https://www.volvocars.com/us/cars/ex40-electric/
2026-09-19	200	322578	volvo-us-nacs	https://www.volvocars.com/us/l/north-american-charging-standard/
2026-09-19	404	221461	volvo-us-ec40-electric	https://www.volvocars.com/us/cars/ec40-electric/
2026-09-19	200	441321	cd-specs-volvo-c40-recharge	https://www.caranddriver.com/volvo/c40-recharge/specs
2026-09-19	200	558375	volvo-us-ex60-specifications	https://www.volvocars.com/us/cars/ex60-electric/specifications/
2026-09-19	200	685355	volvo-us-ex60-electric	https://www.volvocars.com/us/cars/ex60-electric/
2026-09-19	200	632875	polestar-us-polestar-4	https://www.polestar.com/us/polestar-4/
2026-09-19	200	362716	polestar-us-polestar-4-specifications	https://www.polestar.com/us/polestar-4-models/polestar-4-coupe/specifications/
2026-09-19	200	1159674	polestar-us-polestar-3	https://www.polestar.com/us/polestar-3/
2026-09-19	200	588217	polestar-us-polestar-3-specifications	https://www.polestar.com/us/polestar-3/specifications/
2026-09-19	404	13398	chevy-news-bolt-probe	https://news.chevrolet.com/newsroom.detail.html/Pages/topic/us/en/2027/chevrolet/bolt.html
2026-09-19	404	573903	chevy-bolt	https://www.chevrolet.com/electric/bolt
2026-09-19	200	31996	chevy-news-home	https://news.chevrolet.com/
2026-09-19	200	31996	chevy-newsroom	https://news.chevrolet.com/newsroom.html
2026-09-19	200	718421	chevy-electric-hub	https://www.chevrolet.com/electric
2026-09-19	200	992125	chevy-bolt-ev	https://www.chevrolet.com/electric/bolt-ev
2026-09-19	200	441772	cd-specs-chevrolet-bolt-2027	https://www.caranddriver.com/chevrolet/bolt/specs/2027/chevrolet_bolt-ev_chevrolet-bolt-ev_2027
2026-09-19	200	849249	chevy-equinox-ev	https://www.chevrolet.com/electric/equinox-ev
2026-09-19	200	463390	cd-specs-chevrolet-equinox-ev-2027	https://www.caranddriver.com/chevrolet/equinox-ev/specs/2027/chevrolet_equinox-ev_chevrolet-equinox-ev_2027
2026-09-19	200	1450406	cadillac-optiq	https://www.cadillac.com/electric/optiq
2026-09-19	200	462264	cd-specs-cadillac-optiq-2027	https://www.caranddriver.com/cadillac/optiq/specs/2027/cadillac_optiq_cadillac-optiq_2027
2026-09-19	200	2549864	ford-mach-e	https://www.ford.com/suvs/mach-e/
2026-09-19	200	26403	ford-media-2026-mach-e	https://media.ford.com/content/fordmedia/fna/us/en/products/evs/mustang-mach-e/2026-mustang-mach-e.html
2026-09-19	200	950998	vw-id4	https://www.vw.com/en/models/id-4.html
2026-09-19	200	2586	vw-media-id4	https://media.vw.com/en-us/models/id-4
2026-09-19	200	17505	vw-media-api-models	https://media.vw.com/api/models
2026-09-19	200	115129	vw-media-api-id4	https://media.vw.com/api/models/id4
2026-09-19	200	115460	vw-2026-id4-tech-specs	https://media.vw.com/assets/applications/original/19688-2026-id4-tech-specs-final-v2.pdf
2026-09-19	200	2523	audi-media-home	https://media.audiusa.com/
2026-09-19	200	51114	audi-media-api-models	https://media.audiusa.com/api/models
2026-09-19	200	224385	audi-media-api-q4-e-tron	https://media.audiusa.com/api/models/q4-e-tron
2026-09-19	200	147289	audi-media-api-q6-e-tron	https://media.audiusa.com/api/models/q6-e-tron
2026-09-19	200	201569	audi-media-api-sq6-e-tron	https://media.audiusa.com/api/models/sq6-e-tron
2026-09-19	200	206298	audi-2026-q4-e-tron-tech-specs	https://media.audiusa.com/assets/applications/original/17280-2026my-audi-q4-e-tron-technical-specs-rev-260803.pdf
2026-09-19	200	255155	audi-2027-q6-sq6-e-tron-tech-specs	https://media.audiusa.com/assets/applications/original/17281-2027my-audi-q6-sq6-e-tron-technical-specs-rev-260803.pdf
2026-09-19	404	104989	bmw-us-ix3	https://www.bmwusa.com/vehicles/x-models/ix3/sports-activity-vehicle/overview.html
2026-09-19	404	104989	bmw-us-electric	https://www.bmwusa.com/electric-vehicles.html
2026-09-19	200	736328	bmw-us-home	https://www.bmwusa.com/
2026-09-19	200	1167819	bmw-us-ix3	https://www.bmwusa.com/vehicles/x-series/ix3/bmw-ix3.html
2026-09-19	200	224031	mini-us-home	https://www.miniusa.com/
2026-09-19	200	373625	mini-us-countryman-electric	https://www.miniusa.com/model/electric/countryman.html
2026-09-19	200	1696008	mbusa-glc-electric-probe	https://www.mbusa.com/en/vehicles/model/glc/suv/glc400e4
2026-09-19	404	797754	mbusa-electric	https://www.mbusa.com/en/electric
2026-09-19	200	650953	porsche-us-macan-electric	https://www.porsche.com/usa/models/macan/macan-electric-models/
2026-09-19	200	650953	porsche-us-macan-electric-detail	https://www.porsche.com/usa/models/macan/macan-electric-models/macan-electric/
2026-09-19	200	1324620	rivian-r2	https://rivian.com/r2
2026-09-19	403	373	tesla-modely	https://www.tesla.com/modely
2026-09-19	200	1114356	cd-tesla-model-y	https://www.caranddriver.com/tesla/model-y
2026-09-19	200	294530	jeep-wagoneer-s	https://www.jeep.com/wagoneer-s.html
2026-09-19	200	131876	jeep-wagoneer-s-specs	https://www.jeep.com/wagoneer-s/specs.html
2026-09-19	200	338307	stellantis-media-home	https://media.stellantisnorthamerica.com/
2026-09-19	200	333076	stellantis-media-wagoneer-s	https://media.stellantisnorthamerica.com/newsroom.do?id=571&mid=1540
2026-09-19	200	1183	stellantis-2025-wagoneer-s-specifications	https://media.stellantisnorthamerica.com/view-spec.do?id=26579
2026-09-19	200	92031	stellantis-2025-wagoneer-s-specifications	https://s3.amazonaws.com/chryslermedia.iconicweb.com/mediasite/specs/2025_JP_Wagoneer_S_SPc118vnku5p8csg0iqs1g691gci.pdf?response-content-disposition=inline%3B%20filename%3D2025_JP_Wagoneer_S_SP.pdf&X-Amz-Algorithm=AWS4-HMAC-SHA256&X-Amz-Date=20260919T154102Z&X-Amz-SignedHeaders=host&X-Amz-Expires=7200&X-Amz-Credential=AKIA3ZQJHXTB7LDPOQUT%2F20260919%2Fus-east-1%2Fs3%2Faws4_request&X-Amz-Signature=031e82b671fba1faa8694c4047166d4294231f434aa3575a33aacb58d9eff517
2026-09-19	200	553553	nissan-us-ariya	https://www.nissanusa.com/vehicles/electric-cars/ariya.html
2026-09-19	200	1588738	nissan-us-leaf	https://www.nissanusa.com/vehicles/electric-cars/leaf.html
2026-09-19	200	474702	toyota-bz	https://www.toyota.com/bz/
2026-09-19	200	538145	toyota-bz-2027-weights-capacities	https://www.toyota.com/bz/2027/features/weights_capacities/
2026-09-19	200	448072	toyota-c-hr	https://www.toyota.com/c-hr/
2026-09-19	200	302581	toyota-c-hr-2027-weights-capacities	https://www.toyota.com/c-hr/2027/features/weights_capacities/
2026-09-19	200	2586	fe-menu-year	https://www.fueleconomy.gov/ws/rest/vehicle/menu/year
2026-09-19	200	2200846	fe-vehicles-csv	https://www.fueleconomy.gov/feg/epadata/vehicles.csv.zip
2026-09-19	200	609	fe-menu-model-2027-toyota	https://www.fueleconomy.gov/ws/rest/vehicle/menu/model?year=2027&make=Toyota
2026-09-19	200	2426	fe-vehicle-50182	https://www.fueleconomy.gov/ws/rest/vehicle/50182
2026-09-19	200	2436	fe-vehicle-50183	https://www.fueleconomy.gov/ws/rest/vehicle/50183
2026-09-19	200	2404	fe-vehicle-50636	https://www.fueleconomy.gov/ws/rest/vehicle/50636
2026-09-19	200	2411	fe-vehicle-50635	https://www.fueleconomy.gov/ws/rest/vehicle/50635
2026-09-19	200	2395	fe-vehicle-50642	https://www.fueleconomy.gov/ws/rest/vehicle/50642
2026-09-19	200	2402	fe-vehicle-50643	https://www.fueleconomy.gov/ws/rest/vehicle/50643
2026-09-19	200	2394	fe-vehicle-50644	https://www.fueleconomy.gov/ws/rest/vehicle/50644
2026-09-19	200	2381	fe-vehicle-50648	https://www.fueleconomy.gov/ws/rest/vehicle/50648
2026-09-19	200	2381	fe-vehicle-50650	https://www.fueleconomy.gov/ws/rest/vehicle/50650
2026-09-19	200	2414	fe-vehicle-50374	https://www.fueleconomy.gov/ws/rest/vehicle/50374
2026-09-19	200	2415	fe-vehicle-50664	https://www.fueleconomy.gov/ws/rest/vehicle/50664
2026-09-19	200	2882	fe-vehicle-48718	https://www.fueleconomy.gov/ws/rest/vehicle/48718
2026-09-19	200	2895	fe-vehicle-48719	https://www.fueleconomy.gov/ws/rest/vehicle/48719
2026-09-19	200	2901	fe-vehicle-48722	https://www.fueleconomy.gov/ws/rest/vehicle/48722
2026-09-19	200	2888	fe-vehicle-48723	https://www.fueleconomy.gov/ws/rest/vehicle/48723
2026-09-19	200	2397	fe-vehicle-50302	https://www.fueleconomy.gov/ws/rest/vehicle/50302
2026-09-19	200	2381	fe-vehicle-50303	https://www.fueleconomy.gov/ws/rest/vehicle/50303
2026-09-19	200	2378	fe-vehicle-50307	https://www.fueleconomy.gov/ws/rest/vehicle/50307
2026-09-19	200	2383	fe-vehicle-50308	https://www.fueleconomy.gov/ws/rest/vehicle/50308
2026-09-19	200	2393	fe-vehicle-49988	https://www.fueleconomy.gov/ws/rest/vehicle/49988
2026-09-19	200	2389	fe-vehicle-49750	https://www.fueleconomy.gov/ws/rest/vehicle/49750
2026-09-19	200	2409	fe-vehicle-49990	https://www.fueleconomy.gov/ws/rest/vehicle/49990
2026-09-19	200	2411	fe-vehicle-49991	https://www.fueleconomy.gov/ws/rest/vehicle/49991
2026-09-19	200	2386	fe-vehicle-49992	https://www.fueleconomy.gov/ws/rest/vehicle/49992
2026-09-19	200	2390	fe-vehicle-49749	https://www.fueleconomy.gov/ws/rest/vehicle/49749
2026-09-19	200	2397	fe-vehicle-50694	https://www.fueleconomy.gov/ws/rest/vehicle/50694
2026-09-19	200	2381	fe-vehicle-50695	https://www.fueleconomy.gov/ws/rest/vehicle/50695
2026-09-19	200	1573131	cd-review-audi-q4-e-tron	https://www.caranddriver.com/audi/q4-e-tron
2026-09-19	200	1140911	cd-review-genesis-gv60	https://www.caranddriver.com/genesis/gv60
2026-09-19	200	1290184	cd-review-hyundai-ioniq-5	https://www.caranddriver.com/hyundai/ioniq-5
2026-09-19	200	888057	cd-review-kia-ev3	https://www.caranddriver.com/kia/ev3
2026-09-19	200	888710	cd-review-mini-countryman-electric	https://www.caranddriver.com/mini/countryman-electric
2026-09-19	200	1002394	cd-review-nissan-ariya	https://www.caranddriver.com/nissan/ariya
2026-09-19	200	1028960	cd-review-subaru-uncharted	https://www.caranddriver.com/subaru/uncharted
2026-09-19	200	1938133	cd-review-toyota-c-hr	https://www.caranddriver.com/toyota/c-hr
2026-09-19	200	1150897	cd-review-volkswagen-id4	https://www.caranddriver.com/volkswagen/id4
2026-09-19	200	897689	cd-review-volvo-ec40	https://www.caranddriver.com/volvo/ec40
2026-09-19	200	897689	cd-review-volvo-c40-recharge	https://www.caranddriver.com/volvo/c40-recharge
2026-09-19	200	987680	cd-review-volvo-ex30	https://www.caranddriver.com/volvo/ex30
2026-09-19	200	1184097	cd-review-volvo-ex40	https://www.caranddriver.com/volvo/ex40
2026-09-19	200	7890962	hyundai-us-warranty	https://www.hyundaiusa.com/us/en/assurance/america-best-warranty
2026-09-19	200	1010628	genesis-us-warranty	https://www.genesis.com/us/en/ownership/warranty
2026-09-19	200	172008	kia-us-warranty	https://www.kia.com/us/en/warranty
2026-09-19	200	254023	volvo-us-hv-battery-warranty	https://www.volvocars.com/us/support/topic/blt6057fe59cdd6d845/
2026-09-19	200	1195248	volvo-my2026-fully-electric-warranty	https://www.volvocars.com/images/cs/v3/assets/bltccbab8edae0354cd/blt79f8a67d798c8d78/68befcffe94f786661a1f43a/MY2026_WTY572.06.25_Fully_Elec_Wty_Manual_Rev2_WEB_06-18-25.pdf?branch=prod_alias
2026-09-19	404	55869	mini-2027-warranty-book	https://www.miniusa.com/content/dam/mini/PDF/warranties/2027_Model_Warranty_Book.pdf
2026-09-19	404	55869	mini-2026-warranty-book	https://www.miniusa.com/content/dam/mini/PDF/warranties/2026_Model_Warranty_Book.pdf
2026-09-19	200	581094	mini-2025-warranty-book	https://www.miniusa.com/content/dam/mini/PDF/warranties/2025_Model_Warranty_Book.pdf
2026-09-19	200	408129	nissan-2025-warranty-booklet	https://www.nissanusa.com/content/dam/Nissan/us/manuals-and-guides/shared/2025/2025-nissan-warranty-booklet.pdf
2026-09-19	200	260854	kia-media-2027-ev3-features	https://www.kiamedia.com/us/en/models/ev3/2027/features
2026-09-19	200	234684	kia-media-2027-ev3-presskits	https://www.kiamedia.com/us/en/models/ev3/2027/presskits
2026-09-19	404	382851	nissan-2025-ariya-warranty-booklet	https://www.nissanusa.com/content/dam/Nissan/us/manuals-and-guides/nissan-ariya/2025/2025-nissan-ariya-warranty-booklet.pdf
2026-09-19	200	263230	mini-us-countryman-specs	https://www.miniusa.com/model/electric-vehicles/countryman/specs.html
2026-09-19	200	553552	nissan-ariya-brochure-range-charging	https://www.nissanusa.com/interactivebrochures/electric-hybrid-cars/ariya/ariya-range-charging/index.html
2026-09-19	200	1455578	nissan-us-warranty	https://www.nissanusa.com/owners/warranty-and-protection.html
2026-09-19	503	373	volvo-media-us-2027-ec40	https://www.media.volvocars.com/us/media/models/ec40/2027/
2026-09-19	200	4769129	nissan-2025-ariya-brochure	https://www.nissanusa.com/content/dam/Nissan/us/vehicle-brochures/2025/2025-nissan-ariya-brochure-en.pdf
2026-09-19	200	213920	nissan-us-ev-service	https://www.nissanusa.com/parts-service/en/service-maintenance/electric-vehicles
2026-09-19	200	1285409	kia-us-ev3-specs-compare	https://www.kia.com/us/en/ev3/specs-compare
2026-09-19	200	2393	fe-vehicle-49612	https://www.fueleconomy.gov/ws/rest/vehicle/49612
2026-09-19	200	2371	fe-vehicle-50638	https://www.fueleconomy.gov/ws/rest/vehicle/50638
2026-09-19	200	2360	fe-vehicle-50645	https://www.fueleconomy.gov/ws/rest/vehicle/50645
2026-09-19	200	2372	fe-vehicle-50646	https://www.fueleconomy.gov/ws/rest/vehicle/50646
2026-09-19	200	2362	fe-vehicle-50649	https://www.fueleconomy.gov/ws/rest/vehicle/50649
2026-09-19	200	2371	fe-vehicle-50651	https://www.fueleconomy.gov/ws/rest/vehicle/50651
2026-09-19	200	2888	fe-vehicle-48720	https://www.fueleconomy.gov/ws/rest/vehicle/48720
2026-09-19	200	2874	fe-vehicle-48721	https://www.fueleconomy.gov/ws/rest/vehicle/48721
2026-09-19	200	2379	fe-vehicle-50693	https://www.fueleconomy.gov/ws/rest/vehicle/50693
2026-09-19	200	2377	fe-vehicle-49987	https://www.fueleconomy.gov/ws/rest/vehicle/49987
2026-09-19	200	2360	fe-vehicle-49748	https://www.fueleconomy.gov/ws/rest/vehicle/49748
2026-09-19	200	2391	fe-vehicle-49989	https://www.fueleconomy.gov/ws/rest/vehicle/49989
2026-09-19	200	2361	fe-vehicle-49747	https://www.fueleconomy.gov/ws/rest/vehicle/49747
2026-09-19	200	2523	audi-media-release-643-nacs-adapter	https://media.audiusa.com/releases/643
2026-09-19	200	263207	audi-us-nacs-faqs	https://www.audiusa.com/en/ev-hub/layer/nacs-faqs/
2026-09-19	200	851426	kia-us-ev3-specs-compare-rendered	https://www.kia.com/us/en/ev3/specs-compare
2026-09-19	200	880349	mini-us-countryman-specs-rendered	https://www.miniusa.com/model/electric-vehicles/countryman/specs.html
2026-09-19	200	1138974	tesla-supercharging-other-evs-rendered	https://www.tesla.com/support/charging/supercharging-other-evs
2026-09-19	200	974642	ford-support-fast-charging-adapter-faq	https://www.ford.com/support/how-tos/electric-vehicles/public-charging/fast-charging-adapter-frequently-asked-questions/
2026-09-19	200	329553	stellantis-release-27259-tesla-supercharger	https://media.stellantisnorthamerica.com/newsrelease.do?id=27259&mid=
2026-09-19	200	138216	porsche-newsroom-2025-tesla-supercharger-access	https://newsroom.porsche.com/en_US/2025/products/dedicated-to-choice-porsche-owners-can-now-access-the-tesla-supercharger-network.html
2026-09-19	200	1106580	ford-support-get-fast-charging-adapter	https://www.ford.com/support/how-tos/electric-vehicles/public-charging/how-do-i-get-a-fast-charging-adapter-nacs/
2026-09-19	200	405365	jeep-wagoneer-s-technology	https://www.jeep.com/wagoneer/wagoneer-s/technology.html
2026-09-19	200	350041	ford-fromtheroad-2024-tesla-superchargers	https://www.fromtheroad.ford.com/us/en/articles/2024/ford-customers-can-now-charge-on-tesla-superchargers-in-u-s---ca
2026-09-19	200	1856626	tesla-modely-rendered	https://www.tesla.com/modely
2026-09-19	200	114189	lexus-pressroom-2026-rz-on-sale	https://pressroom.lexus.com/2026-lexus-rz-goes-on-sale-with-upgraded-convenience-features-expanded-charging-network-options-for-all-lexus-bev-owners/
2026-09-19	200	87135	subaru-release-2384-solterra-tesla-supercharging	https://media.subaru.com/pressrelease/2384/subaru-solterra-ev-adds-tesla-supercharging-access-through
2026-09-19	200	2927	fe-menu-model-2027-mercedes-benz	https://www.fueleconomy.gov/ws/rest/vehicle/menu/model?year=2027&make=Mercedes-Benz
2026-09-19	200	437226	mbusa-media-2027-glc-400-electric-quick-reference	https://media.mbusa.com/releases/release-70533912e1034d30bf148896200161c2-2027-mercedes-benz-glc-400-4matic-electric-quick-reference-guide
2026-09-19	200	1009580	mbusa-glc-electric-class	https://www.mbusa.com/en/vehicles/class/glc/suv-bev
2026-09-19	200	2435	fe-vehicle-50376	https://www.fueleconomy.gov/ws/rest/vehicle/50376
2026-09-19	200	2434	fe-vehicle-50377	https://www.fueleconomy.gov/ws/rest/vehicle/50377
2026-09-19	200	2429	fe-vehicle-50379	https://www.fueleconomy.gov/ws/rest/vehicle/50379
2026-09-19	200	2437	fe-vehicle-50378	https://www.fueleconomy.gov/ws/rest/vehicle/50378
2026-09-19	200	2425	fe-vehicle-50380	https://www.fueleconomy.gov/ws/rest/vehicle/50380
2026-09-19	200	2412	fe-vehicle-50381	https://www.fueleconomy.gov/ws/rest/vehicle/50381
2026-09-19	200	2435	fe-vehicle-50382	https://www.fueleconomy.gov/ws/rest/vehicle/50382
2026-09-19	200	2422	fe-vehicle-50383	https://www.fueleconomy.gov/ws/rest/vehicle/50383
2026-09-19	200	2403	fe-vehicle-50385	https://www.fueleconomy.gov/ws/rest/vehicle/50385
2026-09-19	200	2416	fe-vehicle-50384	https://www.fueleconomy.gov/ws/rest/vehicle/50384
2026-09-19	200	2404	fe-vehicle-50386	https://www.fueleconomy.gov/ws/rest/vehicle/50386
2026-09-19	200	2399	fe-vehicle-50611	https://www.fueleconomy.gov/ws/rest/vehicle/50611
2026-09-19	200	2399	fe-vehicle-50387	https://www.fueleconomy.gov/ws/rest/vehicle/50387
2026-09-19	200	2423	fe-vehicle-50618	https://www.fueleconomy.gov/ws/rest/vehicle/50618
2026-09-19	200	2423	fe-vehicle-50619	https://www.fueleconomy.gov/ws/rest/vehicle/50619
2026-09-19	200	2405	fe-vehicle-50622	https://www.fueleconomy.gov/ws/rest/vehicle/50622
2026-09-19	200	2405	fe-vehicle-50623	https://www.fueleconomy.gov/ws/rest/vehicle/50623
2026-09-19	200	2400	fe-vehicle-50630	https://www.fueleconomy.gov/ws/rest/vehicle/50630
2026-09-19	200	2397	fe-vehicle-50200	https://www.fueleconomy.gov/ws/rest/vehicle/50200
2026-09-19	200	2394	fe-vehicle-50201	https://www.fueleconomy.gov/ws/rest/vehicle/50201
2026-09-19	200	2391	fe-vehicle-50202	https://www.fueleconomy.gov/ws/rest/vehicle/50202
2026-09-19	200	2382	fe-vehicle-50203	https://www.fueleconomy.gov/ws/rest/vehicle/50203
2026-09-19	200	2386	fe-vehicle-50204	https://www.fueleconomy.gov/ws/rest/vehicle/50204
2026-09-19	200	2395	fe-vehicle-50205	https://www.fueleconomy.gov/ws/rest/vehicle/50205
2026-09-19	200	2393	fe-vehicle-50634	https://www.fueleconomy.gov/ws/rest/vehicle/50634
2026-09-19	200	2875	fe-vehicle-49093	https://www.fueleconomy.gov/ws/rest/vehicle/49093
2026-09-19	200	2372	fe-vehicle-49151	https://www.fueleconomy.gov/ws/rest/vehicle/49151
2026-09-19	200	2388	fe-vehicle-50212	https://www.fueleconomy.gov/ws/rest/vehicle/50212
2026-09-19	200	2407	fe-vehicle-50213	https://www.fueleconomy.gov/ws/rest/vehicle/50213
2026-09-19	200	2372	fe-vehicle-50214	https://www.fueleconomy.gov/ws/rest/vehicle/50214
2026-09-19	200	2377	fe-vehicle-50215	https://www.fueleconomy.gov/ws/rest/vehicle/50215
2026-09-19	200	2393	fe-vehicle-50217	https://www.fueleconomy.gov/ws/rest/vehicle/50217
2026-09-19	200	2405	fe-vehicle-50218	https://www.fueleconomy.gov/ws/rest/vehicle/50218
2026-09-19	200	2418	fe-vehicle-50219	https://www.fueleconomy.gov/ws/rest/vehicle/50219
2026-09-19	200	2385	fe-vehicle-50220	https://www.fueleconomy.gov/ws/rest/vehicle/50220
2026-09-19	200	2393	fe-vehicle-50291	https://www.fueleconomy.gov/ws/rest/vehicle/50291
2026-09-19	200	2396	fe-vehicle-50216	https://www.fueleconomy.gov/ws/rest/vehicle/50216
2026-09-19	200	2418	fe-vehicle-50229	https://www.fueleconomy.gov/ws/rest/vehicle/50229
2026-09-19	200	2405	fe-vehicle-50230	https://www.fueleconomy.gov/ws/rest/vehicle/50230
2026-09-19	200	2405	fe-vehicle-50231	https://www.fueleconomy.gov/ws/rest/vehicle/50231
2026-09-19	200	2412	fe-vehicle-50232	https://www.fueleconomy.gov/ws/rest/vehicle/50232
2026-09-19	200	2415	fe-vehicle-50233	https://www.fueleconomy.gov/ws/rest/vehicle/50233
2026-09-19	200	2363	fe-vehicle-50034	https://www.fueleconomy.gov/ws/rest/vehicle/50034
2026-09-19	200	2377	fe-vehicle-50035	https://www.fueleconomy.gov/ws/rest/vehicle/50035
2026-09-19	200	2382	fe-vehicle-50033	https://www.fueleconomy.gov/ws/rest/vehicle/50033
2026-09-19	200	2401	fe-vehicle-50294	https://www.fueleconomy.gov/ws/rest/vehicle/50294
2026-09-19	200	2412	fe-vehicle-50459	https://www.fueleconomy.gov/ws/rest/vehicle/50459
2026-09-19	200	2399	fe-vehicle-50295	https://www.fueleconomy.gov/ws/rest/vehicle/50295
2026-09-19	200	2400	fe-vehicle-50297	https://www.fueleconomy.gov/ws/rest/vehicle/50297
2026-09-19	200	2401	fe-vehicle-50298	https://www.fueleconomy.gov/ws/rest/vehicle/50298
2026-09-19	200	2386	fe-vehicle-50296	https://www.fueleconomy.gov/ws/rest/vehicle/50296
2026-09-19	200	2388	fe-vehicle-50458	https://www.fueleconomy.gov/ws/rest/vehicle/50458
2026-09-19	200	2384	fe-vehicle-50391	https://www.fueleconomy.gov/ws/rest/vehicle/50391
2026-09-19	200	2400	fe-vehicle-50390	https://www.fueleconomy.gov/ws/rest/vehicle/50390
2026-09-19	200	2389	fe-vehicle-49982	https://www.fueleconomy.gov/ws/rest/vehicle/49982
2026-09-19	200	2395	fe-vehicle-49981	https://www.fueleconomy.gov/ws/rest/vehicle/49981
2026-09-19	200	2380	fe-vehicle-50692	https://www.fueleconomy.gov/ws/rest/vehicle/50692
2026-09-19	200	2388	fe-vehicle-50691	https://www.fueleconomy.gov/ws/rest/vehicle/50691
2026-09-19	200	2396	fe-vehicle-50304	https://www.fueleconomy.gov/ws/rest/vehicle/50304
2026-09-19	200	2389	fe-vehicle-49744	https://www.fueleconomy.gov/ws/rest/vehicle/49744
2026-09-19	200	2396	fe-vehicle-50253	https://www.fueleconomy.gov/ws/rest/vehicle/50253
2026-09-19	200	2392	fe-vehicle-49743	https://www.fueleconomy.gov/ws/rest/vehicle/49743
2026-09-19	200	2414	fe-vehicle-50040	https://www.fueleconomy.gov/ws/rest/vehicle/50040
2026-09-19	200	2413	fe-vehicle-50041	https://www.fueleconomy.gov/ws/rest/vehicle/50041
2026-09-19	200	2379	fe-vehicle-49985	https://www.fueleconomy.gov/ws/rest/vehicle/49985
2026-09-19	200	2388	fe-vehicle-49986	https://www.fueleconomy.gov/ws/rest/vehicle/49986
2026-09-19	200	2389	fe-vehicle-50042	https://www.fueleconomy.gov/ws/rest/vehicle/50042
2026-09-19	200	2398	fe-vehicle-49983	https://www.fueleconomy.gov/ws/rest/vehicle/49983
2026-09-19	200	2404	fe-vehicle-50043	https://www.fueleconomy.gov/ws/rest/vehicle/50043
2026-09-19	200	2405	fe-vehicle-49984	https://www.fueleconomy.gov/ws/rest/vehicle/49984
2026-09-19	200	2376	fe-vehicle-50696	https://www.fueleconomy.gov/ws/rest/vehicle/50696
2026-09-19	200	2395	fe-vehicle-50697	https://www.fueleconomy.gov/ws/rest/vehicle/50697
2026-09-19	200	1417292	cd-review-audi-q6-e-tron	https://www.caranddriver.com/audi/q6-e-tron
2026-09-19	200	4362264	mt-audi-q6-e-tron	https://www.motortrend.com/cars/audi/q6-e-tron
2026-09-19	200	4407243	mt-audi-q6-e-tron-2027	https://www.motortrend.com/cars/audi/q6-e-tron/2027
2026-09-19	200	1392763	cd-review-audi-sq6-e-tron	https://www.caranddriver.com/audi/sq6-e-tron
2026-09-19	200	4362264	mt-audi-q6-e-tron	https://www.motortrend.com/cars/audi/q6-e-tron
2026-09-19	200	4407243	mt-audi-q6-e-tron-2027	https://www.motortrend.com/cars/audi/q6-e-tron/2027
2026-09-19	200	1394293	cd-review-bmw-ix3	https://www.caranddriver.com/bmw/ix3
2026-09-19	200	4353361	mt-bmw-ix3-2027	https://www.motortrend.com/cars/bmw/ix3/2027
2026-09-19	200	1085717	cd-review-cadillac-optiq	https://www.caranddriver.com/cadillac/optiq
2026-09-19	200	4404825	mt-cadillac-optiq	https://www.motortrend.com/cars/cadillac/optiq
2026-09-19	200	4384868	mt-cadillac-optiq-2026	https://www.motortrend.com/cars/cadillac/optiq/2026
2026-09-19	200	4400865	mt-cadillac-optiq-2027	https://www.motortrend.com/cars/cadillac/optiq/2027
2026-09-19	200	1372388	cd-review-chevrolet-equinox-ev	https://www.caranddriver.com/chevrolet/equinox-ev
2026-09-19	200	4412585	mt-chevrolet-equinox-ev	https://www.motortrend.com/cars/chevrolet/equinox-ev
2026-09-19	200	4417319	mt-chevrolet-equinox-ev-2026	https://www.motortrend.com/cars/chevrolet/equinox-ev/2026
2026-09-19	200	4416329	mt-chevrolet-equinox-ev-2027	https://www.motortrend.com/cars/chevrolet/equinox-ev/2027
2026-09-19	200	1349405	cd-review-ford-mustang-mach-e	https://www.caranddriver.com/ford/mustang-mach-e
2026-09-19	200	4439314	mt-ford-mustang-mach-e	https://www.motortrend.com/cars/ford/mustang-mach-e
2026-09-19	200	4432869	mt-ford-mustang-mach-e-2026	https://www.motortrend.com/cars/ford/mustang-mach-e/2026
2026-09-19	200	1102491	cd-review-genesis-electrified-gv70	https://www.caranddriver.com/genesis/electrified-gv70
2026-09-19	200	4378052	mt-genesis-electrified-gv70-2027	https://www.motortrend.com/cars/genesis/electrified-gv70/2027
2026-09-19	200	4420905	mt-genesis-gv60	https://www.motortrend.com/cars/genesis/gv60
2026-09-19	200	4406924	mt-genesis-gv60-2026	https://www.motortrend.com/cars/genesis/gv60/2026
2026-09-19	200	4419512	mt-genesis-gv60-2027	https://www.motortrend.com/cars/genesis/gv60/2027
2026-09-19	200	4415971	mt-hyundai-ioniq-5	https://www.motortrend.com/cars/hyundai/ioniq-5
2026-09-19	200	4433785	mt-hyundai-ioniq-5-2026	https://www.motortrend.com/cars/hyundai/ioniq-5/2026
2026-09-19	200	4416003	mt-hyundai-ioniq-5-2027	https://www.motortrend.com/cars/hyundai/ioniq-5/2027
2026-09-19	200	1049606	cd-review-jeep-wagoneer-s	https://www.caranddriver.com/jeep/wagoneer-s
2026-09-19	200	4410659	mt-jeep-wagoneer-s	https://www.motortrend.com/cars/jeep/wagoneer-s
2026-09-19	200	4336383	mt-jeep-wagoneer-s-2027	https://www.motortrend.com/cars/jeep/wagoneer-s/2027
2026-09-19	200	4349290	mt-kia-ev3-2027	https://www.motortrend.com/cars/kia/ev3/2027
2026-09-19	200	1186689	cd-review-kia-ev6	https://www.caranddriver.com/kia/ev6
2026-09-19	200	4416437	mt-kia-ev6	https://www.motortrend.com/cars/kia/ev6
2026-09-19	200	4408945	mt-kia-ev6-2026	https://www.motortrend.com/cars/kia/ev6/2026
2026-09-19	200	1305528	cd-review-lexus-rz	https://www.caranddriver.com/lexus/rz
2026-09-19	200	4423073	mt-lexus-rz	https://www.motortrend.com/cars/lexus/rz
2026-09-19	200	4427691	mt-lexus-rz-2026	https://www.motortrend.com/cars/lexus/rz/2026
2026-09-19	200	1224867	cd-review-mercedes-benz-glc-class-ev	https://www.caranddriver.com/mercedes-benz/glc-class-ev
2026-09-19	200	4333976	mt-mercedes-benz-glc-class-ev	https://www.motortrend.com/cars/mercedes-benz/glc-class-electric
2026-09-19	200	4389199	mt-mini-countryman-electric	https://www.motortrend.com/cars/mini/countryman
2026-09-19	200	4469578	mt-mini-countryman-electric-2026	https://www.motortrend.com/cars/mini/countryman/2026
2026-09-19	200	4424837	mt-mini-countryman-electric-2027	https://www.motortrend.com/cars/mini/countryman/2027
2026-09-19	200	4410999	mt-nissan-ariya	https://www.motortrend.com/cars/nissan/ariya
2026-09-19	200	805754	cd-review-polestar-3	https://www.caranddriver.com/polestar/polestar-3
2026-09-19	200	4404449	mt-polestar-3	https://www.motortrend.com/cars/polestar/3
2026-09-19	200	4354990	mt-polestar-3-2026	https://www.motortrend.com/cars/polestar/3/2026
2026-09-19	200	784397	cd-review-polestar-4	https://www.caranddriver.com/polestar/polestar-4
2026-09-19	200	4352289	mt-polestar-4	https://www.motortrend.com/cars/polestar/4
2026-09-19	200	4367014	mt-polestar-4-2026	https://www.motortrend.com/cars/polestar/4/2026
2026-09-19	200	1280281	cd-review-porsche-macan-electric	https://www.caranddriver.com/porsche/macan-ev
2026-09-19	200	4372982	mt-porsche-macan-electric	https://www.motortrend.com/cars/porsche/macan-ev
2026-09-19	200	4399325	mt-porsche-macan-electric-2026	https://www.motortrend.com/cars/porsche/macan-ev/2026
2026-09-19	200	856641	cd-review-rivian-r2	https://www.caranddriver.com/rivian/r2
2026-09-19	200	4378121	mt-rivian-r2	https://www.motortrend.com/cars/rivian/r2
2026-09-19	200	1254583	cd-review-subaru-solterra	https://www.caranddriver.com/subaru/solterra
2026-09-19	200	4383926	mt-subaru-solterra	https://www.motortrend.com/cars/subaru/solterra
2026-09-19	200	4425846	mt-subaru-solterra-2026	https://www.motortrend.com/cars/subaru/solterra/2026
2026-09-19	200	4383215	mt-subaru-solterra-2027	https://www.motortrend.com/cars/subaru/solterra/2027
2026-09-19	200	1072515	cd-review-subaru-trailseeker	https://www.caranddriver.com/subaru/trailseeker
2026-09-19	200	4363464	mt-subaru-trailseeker	https://www.motortrend.com/cars/subaru/trailseeker
2026-09-19	200	4323423	mt-subaru-trailseeker-2027	https://www.motortrend.com/cars/subaru/trailseeker/2027
2026-09-19	200	4356690	mt-subaru-uncharted	https://www.motortrend.com/cars/subaru/uncharted
2026-09-19	200	4330485	mt-subaru-uncharted-2027	https://www.motortrend.com/cars/subaru/uncharted/2027
2026-09-19	200	4439723	mt-tesla-model-y	https://www.motortrend.com/cars/tesla/model-y
2026-09-19	200	4386471	mt-tesla-model-y-2025	https://www.motortrend.com/cars/tesla/model-y/2025
2026-09-19	200	4434125	mt-tesla-model-y-2027	https://www.motortrend.com/cars/tesla/model-y/2027
2026-09-19	200	1487253	cd-review-toyota-bz	https://www.caranddriver.com/toyota/bz
2026-09-19	200	4440278	mt-toyota-bz	https://www.motortrend.com/cars/toyota/bz
2026-09-19	200	4405956	mt-toyota-c-hr	https://www.motortrend.com/cars/toyota/c-hr-electric
2026-09-19	200	4404875	mt-volkswagen-id4	https://www.motortrend.com/cars/volkswagen/id4
2026-09-19	200	4425800	mt-volkswagen-id4-2026	https://www.motortrend.com/cars/volkswagen/id4/2026
2026-09-19	200	4322704	mt-volvo-ec40	https://www.motortrend.com/cars/volvo/ec40
2026-09-19	200	4508833	mt-volvo-ex30	https://www.motortrend.com/cars/volvo/ex30
2026-09-19	200	4360041	mt-volvo-ex30-2026	https://www.motortrend.com/cars/volvo/ex30/2026
2026-09-19	200	4386071	mt-volvo-ex40	https://www.motortrend.com/cars/volvo/ex40
2026-09-19	200	4399850	mt-volvo-ex40-2026	https://www.motortrend.com/cars/volvo/ex40/2026
2026-09-19	200	1013212	cd-review-volvo-ex60	https://www.caranddriver.com/volvo/ex60
2026-09-19	200	4377099	mt-volvo-ex60-2027	https://www.motortrend.com/cars/volvo/ex60/2027
2026-09-19	200	4356539	mt-volvo-ex60-2028	https://www.motortrend.com/cars/volvo/ex60/2028
2026-09-19	200	1377236	cd-review-audi-q6-e-tron-2027	https://www.caranddriver.com/audi/q6-e-tron-2027
2026-09-19	200	1360004	cd-review-audi-sq6-e-tron-2027	https://www.caranddriver.com/audi/sq6-e-tron-2027
2026-09-19	200	1021041	cd-review-cadillac-optiq-2027	https://www.caranddriver.com/cadillac/optiq-2027
2026-09-19	200	1305956	cd-review-chevrolet-equinox-ev-2027	https://www.caranddriver.com/chevrolet/equinox-ev-2027
2026-09-19	200	1040710	cd-review-genesis-electrified-gv70-2027	https://www.caranddriver.com/genesis/electrified-gv70-2027
2026-09-19	200	1054385	cd-review-genesis-gv60-2027	https://www.caranddriver.com/genesis/gv60-2027
2026-09-19	200	1229070	cd-review-hyundai-ioniq-5-2027	https://www.caranddriver.com/hyundai/ioniq-5-2027
2026-09-19	200	888026	cd-review-kia-ev3-2027	https://www.caranddriver.com/kia/ev3-2027
2026-09-19	200	1037089	cd-review-subaru-trailseeker-2027	https://www.caranddriver.com/subaru/trailseeker-2027
2026-09-19	200	986445	cd-review-subaru-uncharted-2027	https://www.caranddriver.com/subaru/uncharted-2027
2026-09-19	200	1422845	cd-review-toyota-bz-2027	https://www.caranddriver.com/toyota/bz-2027
2026-09-19	200	1918096	cd-review-toyota-c-hr-2027	https://www.caranddriver.com/toyota/c-hr-2027
